{
    "English":[0.08166999999999999,0.01492,0.02782,0.04253,0.12702,0.02228,0.02015,0.06094,0.06966,0.00153,0.00772,0.04025,0.02406,0.06749,0.07507,0.01929,0.00095,0.05987,0.06326999999999999,0.09055999999999999,0.02758,0.00978,0.0236,0.0015,0.01974,0.00074],
    "French":[0.07636,0.00901,0.0326,0.03669,0.14715,0.010660000000000001,0.00866,0.00737,0.07529,0.00613,0.00074,0.054560000000000004,0.029679999999999998,0.07095,0.057960000000000005,0.02521,0.01362,0.06692999999999999,0.07948000000000001,0.07244,0.06311,0.01838,0.00049,0.0042699999999999995,0.00128,0.0032600000000000003],
    "German":[0.06516,0.01886,0.02732,0.05076,0.16396,0.01656,0.03009,0.04577,0.0655,0.00268,0.01417,0.03437,0.025339999999999998,0.09776,0.025939999999999998,0.0067,0.00017999999999999998,0.07003,0.0727,0.06154,0.04166,0.00846,0.01921,0.00034,0.00039,0.01134],
    "Spanish":[0.11525,0.02215,0.040190000000000003,0.0501,0.12180999999999999,0.006919999999999999,0.01768,0.00703,0.06247,0.00493,0.00010999999999999999,0.04967,0.03157,0.06712,0.08683,0.025099999999999997,0.00877,0.06871000000000001,0.07977000000000001,0.04632,0.02927,0.01138,0.00017,0.00215,0.01008,0.0046700000000000005],
    "Portuguese":[0.14634,0.01043,0.03882,0.04992,0.1257,0.01023,0.01303,0.00781,0.06186,0.0039700000000000004,0.00015,0.02779,0.047380000000000005,0.04446,0.09734999999999999,0.025230000000000002,0.01204,0.0653,0.06805,0.04336,0.03639,0.01575,0.00037,0.00253,6.0e-05,0.004699999999999999],
    "Esperanto":[0.12117000000000001,0.0098,0.00776,0.030440000000000002,0.08994999999999999,0.010369999999999999,0.01171,0.00384,0.10012,0.03501,0.04163,0.061040000000000004,0.02994,0.07955,0.08778999999999999,0.027549999999999998,0.0,0.05914,0.060919999999999995,0.05276,0.03183,0.019039999999999998,0.0,0.0,0.0,0.00494],
    "Italian":[0.11745,0.00927,0.04501,0.037360000000000004,0.11792,0.01153,0.01644,0.00636,0.10143,0.00010999999999999999,8.999999999999999e-05,0.06509999999999999,0.02512,0.06883,0.09832,0.03056,0.00505,0.06367,0.04981,0.05623,0.03011,0.02097,0.00033,3.0e-05,0.0002,0.011810000000000001],
    "Turkish":[0.1192,0.02844,0.00963,0.047060000000000005,0.08912,0.00461,0.01253,0.012119999999999999,0.05817,0.00034,0.04683,0.059219999999999995,0.03752,0.07487,0.02476,0.00886,0.0,0.06722,0.030139999999999997,0.03314,0.03235,0.00959,0.0,0.0,0.03336,0.015],
    "Swedish":[0.09383,0.015349999999999999,0.01486,0.04702,0.10149,0.02027,0.02862,0.0209,0.0821,0.00614,0.031400000000000004,0.052750000000000005,0.03471,0.08542,0.04482,0.01839,0.0002,0.08431,0.0659,0.07690999999999999,0.01919,0.02415,0.0014199999999999998,0.00159,0.0070799999999999995,0.0007000000000000001],
    "Polish":[0.0891,0.0147,0.039599999999999996,0.0325,0.0766,0.003,0.014199999999999999,0.0108,0.06498999999999999,0.022799999999999997,0.0351,0.021,0.027999999999999997,0.0552,0.0775,0.0313,0.0014000000000000002,0.046900000000000004,0.0432,0.0398,0.025,0.0004,0.04650000000000001,0.0002,0.037599999999999995,0.0564],
    "Dutch":[0.07486,0.01584,0.01242,0.05933,0.1891,0.00805,0.03403,0.023799999999999998,0.06,0.0146,0.022480000000000003,0.03568,0.02213,0.10032,0.060629999999999996,0.015700000000000002,8.999999999999999e-05,0.06411,0.0373,0.0679,0.0199,0.0285,0.0152,0.00035999999999999997,0.00035000000000000005,0.0139],
    "Danish":[0.060250000000000005,0.02,0.00565,0.05857999999999999,0.15453,0.02406,0.04077,0.01621,0.07578,0.0073,0.03395,0.05229,0.03237,0.0724,0.04636,0.01756,7.000000000000001e-05,0.08956,0.05805,0.06862,0.019790000000000002,0.023319999999999997,0.0006900000000000001,0.00028000000000000003,0.006979999999999999,0.00034],
    "Icelandic":[0.1011,0.01043,0.0,0.01575,0.06418,0.03013,0.042409999999999996,0.01871,0.10817,0.011439999999999999,0.03314,0.04532,0.04041,0.07711,0.02166,0.007890000000000001,0.0,0.08581,0.056299999999999996,0.049530000000000005,0.04562,0.02437,0.0,0.00046,0.009000000000000001,0.0],
    "Finnish":[0.12217,0.0028100000000000004,0.0028100000000000004,0.01043,0.07968,0.00194,0.00392,0.01851,0.060730000000000006,0.020419999999999997,0.049729999999999996,0.05761,0.03202,0.08826,0.056139999999999995,0.018420000000000002,0.00013,0.02872,0.07862,0.0875,0.05008,0.0225,0.00094,0.00031,0.01745,0.0005099999999999999],
    "Czech":[0.08421,0.00822,0.0074,0.03475,0.07562,0.00084,0.00092,0.013560000000000001,null,0.01433,0.02894,0.03802,0.024460000000000003,0.06468,0.06695000000000001,0.01906,1.0e-05,0.047990000000000005,0.05212,0.05727,0.0216,0.05344,0.00016,0.00027,0.01043,0.01599]
}